Ketentuan,Nilai,Berlaku_Sejak,Dasar_Hukum,Catatan
0.5%,1 Agustus 2026,PMK 37/2025,Dipungut dari peredaran bruto (di luar PPN/PPnBM), dipotong langsung saat dana cair ke seller
"Shopee, Tokopedia, Lazada, Blibli",1 Agustus 2026,Kepdirjen turunan PMK 37/2025,Penunjukan awal - kemungkinan bertambah platform lain secara bertahap,
Rp500.000.000/tahun,2026,PMK 37/2025 Pasal 6,Berlaku untuk WP orang pribadi yang sudah kirim Surat Pernyataan Omzet bermeterai ke marketplace; WP Badan tidak dapat threshold ini,
0.5% dari SELURUH peredaran bruto (bukan hanya bagian kelebihan),2026,PMK 37/2025 & keterangan resmi DJP,"Koreksi asumsi: begitu omzet kumulatif (gabungan semua toko/marketplace + offline) melampaui Rp500 juta, pemungutan 0.5% berlaku atas peredaran bruto transaksi berjalan, bukan hanya atas selisih di atas Rp500 juta",
Digabung dari seluruh toko/marketplace + penjualan offline dalam satu NPWP/NIK,2026,PMK 37/2025 & Webinar DJP,Bukan dihitung per toko atau per marketplace secara terpisah,
Final atau tidak final (pilihan WP),2026,PMK 37/2025 & PP 55/2022,Setara perlakuan dengan PPh final UMKM 0.5%,
Tetap dipungut tanpa threshold Rp500 juta,2026,PMK 37/2025,Dianggap pelunasan PPh final pada masa pajak berjalan,
Bukan pajak baru,2026,PP 55/2022 (dasar lama) -> PMK 37/2025 (mekanisme baru),Sebelumnya seller UMKM sudah kena PPh final 0.5% dan setor sendiri; sekarang dipungut otomatis oleh platform,
Transaksi Rp2.000.000 -> PPh dipungut Rp10.000,2026,Ilustrasi resmi DJP,0.5% x nilai transaksi (bukan pajak tambahan berdiri sendiri, jadi kredit pajak saat lapor SPT)
